{
  "POST/ConfirmOrder" : {
    "transaction" : "POST/ConfirmOrder",
    "sampleCount" : 85,
    "errorCount" : 8,
    "errorPct" : 9.411765,
    "meanResTime" : 901.0470588235294,
    "medianResTime" : 875.0,
    "minResTime" : 371.0,
    "maxResTime" : 1508.0,
    "pct1ResTime" : 1234.8,
    "pct2ResTime" : 1321.8000000000002,
    "pct3ResTime" : 1508.0,
    "throughput" : 1.517748732233412,
    "receivedKBytesPerSec" : 37.0415436285801,
    "sentKBytesPerSec" : 0.9931105646471681
  },
  "Get/ signon " : {
    "transaction" : "Get/ signon ",
    "sampleCount" : 92,
    "errorCount" : 0,
    "errorPct" : 0.0,
    "meanResTime" : 499.75000000000017,
    "medianResTime" : 429.5,
    "minResTime" : 311.0,
    "maxResTime" : 1933.0,
    "pct1ResTime" : 698.0,
    "pct2ResTime" : 936.7999999999987,
    "pct3ResTime" : 1933.0,
    "throughput" : 1.5499696745063682,
    "receivedKBytesPerSec" : 35.33104277579351,
    "sentKBytesPerSec" : 0.8398082123121504
  },
  "POST/Submit_NewOrder" : {
    "transaction" : "POST/Submit_NewOrder",
    "sampleCount" : 86,
    "errorCount" : 0,
    "errorPct" : 0.0,
    "meanResTime" : 487.1162790697674,
    "medianResTime" : 453.5,
    "minResTime" : 334.0,
    "maxResTime" : 1020.0,
    "pct1ResTime" : 728.5,
    "pct2ResTime" : 857.9499999999999,
    "pct3ResTime" : 1020.0,
    "throughput" : 1.5469016997931468,
    "receivedKBytesPerSec" : 38.50630115118266,
    "sentKBytesPerSec" : 1.489216094073208
  },
  "TC_03_Select_Fish_From_Category" : {
    "transaction" : "TC_03_Select_Fish_From_Category",
    "sampleCount" : 91,
    "errorCount" : 1,
    "errorPct" : 1.0989012,
    "meanResTime" : 953.6923076923078,
    "medianResTime" : 909.0,
    "minResTime" : 301.0,
    "maxResTime" : 2103.0,
    "pct1ResTime" : 1225.4,
    "pct2ResTime" : 1364.1999999999996,
    "pct3ResTime" : 2103.0,
    "throughput" : 1.5497803058687285,
    "receivedKBytesPerSec" : 69.87163486920535,
    "sentKBytesPerSec" : 1.5768395924162948
  },
  "POST /account/signon" : {
    "transaction" : "POST /account/signon",
    "sampleCount" : 91,
    "errorCount" : 0,
    "errorPct" : 0.0,
    "meanResTime" : 412.8021978021976,
    "medianResTime" : 376.0,
    "minResTime" : 284.0,
    "maxResTime" : 902.0,
    "pct1ResTime" : 575.9999999999999,
    "pct2ResTime" : 718.1999999999999,
    "pct3ResTime" : 902.0,
    "throughput" : 1.5493845027497317,
    "receivedKBytesPerSec" : 0.8460726135647763,
    "sentKBytesPerSec" : 1.0967102980862549
  },
  "Get/ Add Item To Cart " : {
    "transaction" : "Get/ Add Item To Cart ",
    "sampleCount" : 89,
    "errorCount" : 0,
    "errorPct" : 0.0,
    "meanResTime" : 935.0898876404491,
    "medianResTime" : 876.0,
    "minResTime" : 639.0,
    "maxResTime" : 1495.0,
    "pct1ResTime" : 1255.0,
    "pct2ResTime" : 1353.0,
    "pct3ResTime" : 1495.0,
    "throughput" : 1.5297615978273946,
    "receivedKBytesPerSec" : 36.96745375801406,
    "sentKBytesPerSec" : 0.8497649764090135
  },
  "Get / Open Website" : {
    "transaction" : "Get / Open Website",
    "sampleCount" : 92,
    "errorCount" : 1,
    "errorPct" : 1.0869565,
    "meanResTime" : 571.7065217391303,
    "medianResTime" : 481.5,
    "minResTime" : 317.0,
    "maxResTime" : 2057.0,
    "pct1ResTime" : 936.3000000000001,
    "pct2ResTime" : 1065.25,
    "pct3ResTime" : 2057.0,
    "throughput" : 1.5383586382181793,
    "receivedKBytesPerSec" : 36.00609647766036,
    "sentKBytesPerSec" : 0.7302500668851581
  },
  "Debug Sampler" : {
    "transaction" : "Debug Sampler",
    "sampleCount" : 82,
    "errorCount" : 0,
    "errorPct" : 0.0,
    "meanResTime" : 0.048780487804878044,
    "medianResTime" : 0.0,
    "minResTime" : 0.0,
    "maxResTime" : 1.0,
    "pct1ResTime" : 0.0,
    "pct2ResTime" : 0.8499999999999943,
    "pct3ResTime" : 1.0,
    "throughput" : 1.56113163004988,
    "receivedKBytesPerSec" : 0.6005396434622853,
    "sentKBytesPerSec" : 0.0
  },
  "Total" : {
    "transaction" : "Total",
    "sampleCount" : 1063,
    "errorCount" : 9,
    "errorPct" : 0.8466604,
    "meanResTime" : 527.762935089369,
    "medianResTime" : 446.0,
    "minResTime" : 0.0,
    "maxResTime" : 2057.0,
    "pct1ResTime" : 902.0,
    "pct2ResTime" : 1075.0,
    "pct3ResTime" : 1415.0799999999997,
    "throughput" : 17.492759347024748,
    "receivedKBytesPerSec" : 356.9740910100711,
    "sentKBytesPerSec" : 9.900294460077673
  },
  "TC_05_Submit_NewOrder_ AND_ Confirm" : {
    "transaction" : "TC_05_Submit_NewOrder_ AND_ Confirm",
    "sampleCount" : 86,
    "errorCount" : 10,
    "errorPct" : 11.627907,
    "meanResTime" : 1377.697674418605,
    "medianResTime" : 1364.0,
    "minResTime" : 440.0,
    "maxResTime" : 2029.0,
    "pct1ResTime" : 1772.1999999999998,
    "pct2ResTime" : 1911.0,
    "pct3ResTime" : 2029.0,
    "throughput" : 1.5259319718234887,
    "receivedKBytesPerSec" : 74.79253396751184,
    "sentKBytesPerSec" : 2.455883404824429
  },
  "Get / Categories/Fish" : {
    "transaction" : "Get / Categories/Fish",
    "sampleCount" : 91,
    "errorCount" : 0,
    "errorPct" : 0.0,
    "meanResTime" : 477.81318681318686,
    "medianResTime" : 435.0,
    "minResTime" : 300.0,
    "maxResTime" : 841.0,
    "pct1ResTime" : 731.9999999999999,
    "pct2ResTime" : 820.0,
    "pct3ResTime" : 841.0,
    "throughput" : 1.5497803058687285,
    "receivedKBytesPerSec" : 34.86463504589734,
    "sentKBytesPerSec" : 0.7912720811761299
  },
  "Get /order/newOrderForm" : {
    "transaction" : "Get /order/newOrderForm",
    "sampleCount" : 86,
    "errorCount" : 0,
    "errorPct" : 0.0,
    "meanResTime" : 492.76744186046534,
    "medianResTime" : 440.0,
    "minResTime" : 316.0,
    "maxResTime" : 1320.0,
    "pct1ResTime" : 737.6,
    "pct2ResTime" : 797.0499999999995,
    "pct3ResTime" : 1320.0,
    "throughput" : 1.539728578078562,
    "receivedKBytesPerSec" : 40.28440079269166,
    "sentKBytesPerSec" : 0.8808539898664375
  },
  "SignIn With Account" : {
    "transaction" : "SignIn With Account",
    "sampleCount" : 92,
    "errorCount" : 1,
    "errorPct" : 1.0869565,
    "meanResTime" : 908.0652173913045,
    "medianResTime" : 856.0,
    "minResTime" : 482.0,
    "maxResTime" : 2318.0,
    "pct1ResTime" : 1211.9,
    "pct2ResTime" : 1425.9499999999998,
    "pct3ResTime" : 2318.0,
    "throughput" : 1.549943561837694,
    "receivedKBytesPerSec" : 36.167625685470966,
    "sentKBytesPerSec" : 1.924975018742524
  },
  "Get / View Cart" : {
    "transaction" : "Get / View Cart",
    "sampleCount" : 87,
    "errorCount" : 0,
    "errorPct" : 0.0,
    "meanResTime" : 493.3218390804598,
    "medianResTime" : 419.0,
    "minResTime" : 310.0,
    "maxResTime" : 1414.0,
    "pct1ResTime" : 779.4000000000001,
    "pct2ResTime" : 892.8,
    "pct3ResTime" : 1414.0,
    "throughput" : 1.5358813664048019,
    "receivedKBytesPerSec" : 37.11615033873245,
    "sentKBytesPerSec" : 0.8771736252096389
  },
  "Get / Fish Product by ID" : {
    "transaction" : "Get / Fish Product by ID",
    "sampleCount" : 90,
    "errorCount" : 0,
    "errorPct" : 0.0,
    "meanResTime" : 481.1555555555555,
    "medianResTime" : 429.5,
    "minResTime" : 319.0,
    "maxResTime" : 1363.0,
    "pct1ResTime" : 677.0000000000002,
    "pct2ResTime" : 835.3000000000001,
    "pct3ResTime" : 1363.0,
    "throughput" : 1.550120564932828,
    "receivedKBytesPerSec" : 35.403737782035826,
    "sentKBytesPerSec" : 0.7944704292972786
  },
  "TC_04_AddToCart_To_Checkout" : {
    "transaction" : "TC_04_AddToCart_To_Checkout",
    "sampleCount" : 89,
    "errorCount" : 34,
    "errorPct" : 38.202248,
    "meanResTime" : 1893.4943820224719,
    "medianResTime" : 1812.0,
    "minResTime" : 803.0,
    "maxResTime" : 3153.0,
    "pct1ResTime" : 2400.0,
    "pct2ResTime" : 2720.5,
    "pct3ResTime" : 3153.0,
    "throughput" : 1.5297615978273946,
    "receivedKBytesPerSec" : 111.77948658450643,
    "sentKBytesPerSec" : 2.5494627840371953
  },
  "TC_06_View Order" : {
    "transaction" : "TC_06_View Order",
    "sampleCount" : 83,